{
  "110003": {
    "category": "Environment",
    "severity": "Informational",
    "check": "NonPresistentVDI",
    "checkresult": "Device was onboarded via VDI PowerShell Script.",
    "guidance": "Please ensure best practices are implemented based on below articles: \n<a target='_blank' href='https://docs.microsoft.com/windows/security/threat-protection/microsoft-defender-atp/configure-endpoints-vdi'>NonPresistentVDI(1)</a> \n<a target='_blank' href='https://docs.microsoft.com/windows/security/threat-protection/windows-defender-antivirus/deployment-vdi-windows-defender-antivirus'>NonPresistentVDI(2)</a> \nContent of Startup folder will be logged below for reference: %1."
  },
  "111021": {
    "category": "Environment",
    "severity": "Warning",
    "check": "EnvNotSupported",
    "checkresult": "Device does not have the minimum patch level for MDE Security Configuration Management onboarding: %1.",
    "guidance": "If you intend to enable MDE Security Configuration Management then please refer to following documentation for the list of requirements: \n<a target='_blank' href='https://docs.microsoft.com/microsoft-365/security/defender-endpoint/security-config-management?view=o365-worldwide#supported-platforms'>Supported Platforms</a>."
  },
  "111022": {
    "category": "Environment",
    "severity": "Warning",
    "check": "EnvNotSupported",
    "checkresult": "Device has Active Directory Name Services role installed, which is currently not supported for MDE Security Configuration Management onboarding.",
    "guidance": "If you intend to enable MDE Security Configuration Management then please refer to following documentation: \n<a target='_blank' href='https://learn.microsoft.com/en-us/mem/intune/protect/mde-security-integration#managing-security-configurations-on-domain-controllers'>Managing security configurations on domain controllers</a>."
  },
  "112002": {
    "category": "Environment",
    "severity": "Error",
    "check": "UnSupported",
    "checkresult": "Please note the device OS build is not supported by MDE and cannot be onboarded: %1.",
    "guidance": "Please refer to this article for a list of supported Windows versions: <a target='_blank' href='https://docs.microsoft.com/windows/security/threat-protection/microsoft-defender-atp/minimum-requirements#hardware-and-software-requirements'>UnSupported</a>."
  },
  "112004": {
    "category": "Environment",
    "severity": "Error",
    "check": "CheckPPL",
    "checkresult": "Please note the sensor on this device is not PPL protected: %1.",
    "guidance": "For more information about PPL protection and why it is critical, refer to: <a target='_blank' href='https://docs.microsoft.com/windows/win32/services/protecting-anti-malware-services-'>PPL</a>.\nContact Microsoft support if issue persists."
  },
  "110005": {
    "category": "Environment",
    "severity": "Informational",
    "check": "CheckPPL",
    "checkresult": "The sensor on this device is PPL protected as expected",
    "guidance": "N/A"
  },
  "112006": {
    "category": "Environment",
    "severity": "Error",
    "check": "UnSupported",
    "checkresult": "Please note the Hyper-V only server edition installed on this device is not supported by MDE and cannot be onboarded: %1.",
    "guidance": "Please refer to the following article for a list of supported server editions: <a target='_blank' href='https://learn.microsoft.com/microsoft-365/security/defender-endpoint/configure-server-endpoints#windows-server-onboarding-overview'>UnSupported</a>."
  },
  "112020": {
    "category": "Configuration",
    "severity": "Error",
    "check": "EnvNotSupported",
    "checkresult": "This device attemped to onboard through Microsoft Monitoring Agent (MMA) agent but failed as it does not support onboarding using this method.",
    "guidance": "Please refer to our online documentation to understand what onboarding method is appropriate for this device's Operating System: <a target='_blank' href='https://docs.microsoft.com/windows/security/threat-protection/microsoft-defender-atp/onboard-configure'>EnvNotSupported</a>."
  },
  "121001": {
    "category": "Configuration",
    "severity": "Warning",
    "check": "MMAWorkspace",
    "checkresult": "Please note the device has multiple MMA (Microsoft Monitoring Agent) workspaces.",
    "guidance": "If the device is onboarded to Defender for Endpoint via ASC (aka Azure Defender for servers) integration, then it is recommended to remove the MDE workspace to avoid cyber upload issues. \nFor more information on ASC integration with Defender for Endpoint please refer to:  <a target='_blank' href='https://docs.microsoft.com/azure/security-center/security-center-wdatp#microsoft-defender-for-endpoint-features-in-security-center'>AzureDefender</a>."
  },
  "121009": {
    "category": "Configuration",
    "severity": "Warning",
    "check": "TrustedPublishers",
    "checkresult": "Please note that this machine has a policy that only allows domain based trusted publishers to be added. This may interfere with MDE sensor which needs to install certificates to the Trusted Publisher store.",
    "guidance": "For more information, refer to: <a target='_blank' href='https://docs.microsoft.com/windows-server/identity/software-restriction-policies/work-with-software-restriction-policies-rules#set-trusted-publisher-options'>TrustedPublishers</a>. \nTo avoid unexpected issues, remove the associated group policy configuration: %1  %2."
  },
  "122010": {
    "category": "Configuration",
    "severity": "Error",
    "check": "MoCAMPVersion",
    "checkresult": "Please note that this machine is running with an outdated version of Defender Platform. Platform versions older than N-2 will no longer be supported.",
    "guidance": "For more information, refer to: <a target='_blank' href='https://support.microsoft.com/topic/update-for-microsoft-defender-antimalware-platform-92e21611-8cf1-8e0e-56d6-561a07d144cc'>Antimalware platform</a>"
  },
  "122011": {
    "category": "Configuration",
    "severity": "Error",
    "check": "AVEngineVersion",
    "checkresult": "Please note that this machine is running with an outdated version of Defender Antivirus engine.After a new package version is released, support for the previous two versions is reduced to technical support only. Versions older than that are listed in this section, and are provided for technical upgrade support only.",
    "guidance": "For more information, refer to: <a target='_blank' href='https://docs.microsoft.com/microsoft-365/security/defender-endpoint/manage-updates-baselines-microsoft-defender-antivirus#monthly-platform-and-engine-versions'>Antivirus engine</a>"
  },
  "121012": {
    "category": "Configuration",
    "severity": "Warning",
    "check": "SecurityIntelligenceVersion",
    "checkresult": "Please note that this machine is running with outdated security intelligence version. It is recommended to apply the most recent security intelligence version to ensure optimal protection and compatibility.",
    "guidance": "For more information, refer to: <a target='_blank' href='https://learn.microsoft.com/microsoft-365/security/defender-endpoint/manage-updates-baselines-microsoft-defender-antivirus#security-intelligence-updates'>defenderupdates</a>"
  },
  "121013": {
    "category": "Configuration",
    "severity": "Warning",
    "check": "CertSignerAutoUpdate",
    "checkresult": "This test checks the signer expiration and warns if CTL are outdate. \nYour CTL has expired %1 days ago. \nSee detailed output at: %2",
    "guidance": "Please ensure that you update latest CTLs in file share: <a target='_blank' href='https://docs.microsoft.com/previous-versions/windows/it-pro/windows-server-2012-r2-and-2012/dn265983(v=ws.11)#redirect-the-microsoft-automatic-update-url-for-a-disconnected-environment'>CertSignerAutoUpdate</a>."
  },
  "121014": {
    "category": "Configuration",
    "severity": "Warning",
    "check": "CertSignerManualUpdate",
    "checkresult": "This test checks the signer expiration and warns if CTL are outdate. \nYour CTL has expired %1 days ago. \nSee detailed output at: %2",
    "guidance": "Please ensure you update the CTLs via windows update or WSUS. For more information about how CTLs and how root certificate distribution works please refer to: <a target='_blank' href='https://techcommunity.microsoft.com/t5/ask-the-directory-services-team/tls-handshake-errors-and-connection-timeouts-maybe-it-8217-s-the/ba-p/400501'>CertSignerManualUpdate</a>."
  },
  "122002": {
    "category": "Configuration",
    "severity": "Error",
    "check": "MMAAgentVersion",
    "checkresult": "%1.",
    "guidance": "N/A"
  },
  "122003": {
    "category": "Configuration",
    "severity": "Error",
    "check": "MissingPaths",
    "checkresult": "Default paths are missing: %1.",
    "guidance": "Please ensure the mentioned missing path(s) exist and have not been renamed.  You may need to create the missing folder with system context. For example, use this command: PsExec.exe -s cmd /c (mkdir.exe %2)."
  },
  "122004": {
    "category": "Configuration",
    "severity": "Error",
    "check": "SCCMOnboard",
    "checkresult": "This device failed to onboard via Microsoft Endpoint Configuration Manager.",
    "guidance": "This issue can happen if the regsitry key 'Windows Advanced Threat Protection' is missing from: HKLM:\\SOFTWARE\\Microsoft\\ .\n To create a missing registry key you can use: reg.exe add 'HKLM\\SOFTWARE\\Microsoft\\Windows Advanced Threat Protection' \nSee error information from: %1."
  },
  "122005": {
    "category": "Configuration",
    "severity": "Error",
    "check": "OrgIdExpired",
    "checkresult": "Device is reporting to an expired Organization ID: %1.",
    "guidance": "You should offboard the device from this organization, and then onboard it to your current organization.\nContact Microsoft Support if you don't have access to the offboarding script with the mentioned OrgID.\n Note: To view the current OrgID, please go to the MDE portal (<a target='_blank' href='https://securitycenter.microsoft.com/'>Security Center</a>) and click on the user name in the top right corner."
  },
  "122006": {
    "category": "Configuration",
    "severity": "Error",
    "check": "PrivateCertStore",
    "checkresult": "Please note the device has error 'Loading the private key for the client authentication certificate' in the OpsMgr log.",
    "guidance": "Please uninstall and re-install MMA (Microsoft Monitoring Agent) on this device and check if the issue persists."
  },
  "122007": {
    "category": "Configuration",
    "severity": "Error",
    "check": "ClockSkew",
    "checkresult": "The local time on the device is not matching the time in Azure.",
    "guidance": "Please check that the local system time is accurate and the correct time zone is set.\nIf this device is domain joined, please ensure that the 'Windows Time' service is running and the device is synchronized with your domain time. \nFor more information on how to configure and control time synchronization please refer to: <a target='_blank' href='https://docs.microsoft.com/windows-server/networking/windows-time-service/how-the-windows-time-service-works'>WindowsTime</a>.\nIf this device is an offline standalone device, please ensure local time in BIOS is accurate."
  },
  "122008": {
    "category": "Configuration",
    "severity": "Error",
    "check": "SCEPAgentVersion",
    "checkresult": "Device is running an older version of System Center Endpoint Protection: %1.",
    "guidance": "You should upgrade to latest available version to ensure compatbility and allow malware detections to be logged in Defender for Endpoint security portal."
  },
  "122015": {
    "category": "Configuration",
    "severity": "Error",
    "check": "SvcRegistryCheck",
    "checkresult": "This machine has failed to onboard due to missing permissions for registry key HKLM_System_CurrentControlSet_Services_Sense.",
    "guidance": "This can happen due to interference from 3rd party security products or if SYSTEM account full control permissions are missing for HKLM_System_CurrentControlSet_Services_Sense. The permissions found for SYSTEM account are: %1"
  },
  "121016": {
    "category": "Configuration",
    "severity": "Warning",
    "check": "SCPConfigCheck",
    "checkresult": "Unable to read Service Connection Point (SCP) from Active Directory configuration partition.",
    "guidance": "If you intended to implement MDE Device Configuration Management, then please refer to the following article for more information: <a target='_blank' href='https://docs.microsoft.com/azure/active-directory/devices/hybrid-azuread-join-managed-domains'>Configure hybrid Azure Active Directory join for managed domains</a>."
  },
  "121017": {
    "category": "Configuration",
    "severity": "Warning",
    "check": "SCPConfigCheck",
    "checkresult": "Service Connection Point (SCP) contains non-supported configuration: %1",
    "guidance": "The device cannot be joined to Azure AD since the SCP record is configured to join device to Enterprise DRS."
  },
  "121018": {
    "category": "Configuration",
    "severity": "Warning",
    "check": "SCPConfigCheck",
    "checkresult": "Service Connection Point (SCP) is not configured in Active Directory configuration partition.",
    "guidance": "If you intended to implement MDE Device Configuration Management, then please refer to the following article for more information: <a target='_blank' href='https://docs.microsoft.com/azure/active-directory/devices/hybrid-azuread-join-managed-domains'>Configure hybrid Azure Active Directory join for managed domains</a>."
  },
  "121019": {
    "category": "Configuration",
    "severity": "Warning",
    "check": "SCPConfigCheck",
    "checkresult": "Unable to connect to Domain Controller to reterive Service Connection Point (SCP) information.",
    "guidance": "If you intended to implement MDE Device Configuration Management, then please refer to the following article for more information: <a target='_blank' href='https://docs.microsoft.com/azure/active-directory/devices/hybrid-azuread-join-managed-domains'>Configure hybrid Azure Active Directory join for managed domains</a>."
  },
  "121020": {
    "category": "Configuration",
    "severity": "Warning",
    "check": "MDfWSCheck",
    "checkresult": "Please note that this server does not have the modern unified agent installed.",
    "guidance": "Unified agent for downlevel servers is not installed on this device. It is recommended to install the new agent for optimal performance and protection capabilities. For more information refer to: <a target='_blank' href='https://docs.microsoft.com/microsoft-365/security/defender-endpoint/configure-server-endpoints?view=o365-worldwide'>Onboard Windows servers to the Microsoft Defender for Endpoint service</a>."
  },
  "120021": {
    "category": "Configuration",
    "severity": "Informational",
    "check": "TenantIDInfo",
    "checkresult": "The machine is assosicated with a specific AAD Tenant ID.",
    "guidance": "Please ensure that the AAD Tenant ID from your MDE Tenant matches the SCP Tenant ID listed above. To see your MDE Tenant Identification refer to: <a target='_blank' href='https://security.microsoft.com/settings/mtp_settings/mtp_consent'>M365 Security Portal</a>"
  },
  "121022": {
    "category": "Configuration",
    "severity": "Warning",
    "check": "TenantIDInfo",
    "checkresult": "There is a discrepancy between the AAD Tenant ID from your MDE Tenant and the tenant ID in the SCP Entry of your domain.",
    "guidance": "Please ensure that the AAD Tenant ID from your MDE Tenant matches the SCP Tenant ID listed above. To see your MDE Tenant Identification refer to: <a target='_blank' href='https://security.microsoft.com/settings/mtp_settings/mtp_consent'>M365 Security Portal</a>"
  },
  "122022": {
    "category": "Configuration",
    "severity": "Error",
    "check": "EnrollmentStatusCheck",
    "checkresult": "Error occurred in the security configuration management flow.",
    "guidance": "The device was successfully onboarded to Microsoft Defender for Endpoint. However, there was an error in the security configuration management flow. This could be due to the device not meeting the <a target='_blank' href='https://docs.microsoft.com/microsoft-365/security/defender-endpoint/security-config-management?view=o365-21vianet'>prerequisites for Microsoft Defender for Endpoint management channel</a>."
  },
  "122023": {
    "category": "Configuration",
    "severity": "Error",
    "check": "EnrollmentStatusCheck",
    "checkresult": "Error occurred in the security configuration management flow.",
    "guidance": "The device was successfully onboarded to Microsoft Defender for Endpoint. However, Microsoft Endpoint Manager has not been configured through the Admin Center to allow Microsoft Defender for Endpoint Security Configuration. \nMake sure the <a target='_blank' href='https://docs.microsoft.com/mem/intune/protect/mde-security-integration#configure-your-tenant-to-support-microsoft-defender-for-endpoint-security-configuration-management'>Microsoft Endpoint Manager tenant is configured and the feature is turned on.</a>"
  },
  "122024": {
    "category": "Configuration",
    "severity": "Error",
    "check": "EnrollmentStatusCheck",
    "checkresult": "Connectivity issue occurred.",
    "guidance": "The device was successfully onboarded to Microsoft Defender for Endpoint. However, there was an error in the security configuration management flow which could be due to a connectivity issue. \nVerify that the device can communicate with <a target='_blank' href='https://docs.microsoft.com/mem/intune/protect/mde-security-integration#configure-your-tenant-to-support-microsoft-defender-for-endpoint-security-configuration-management'>Azure Active Directory and Microsoft Endpoint Manager endpoints</a>"
  },
  "122025": {
    "category": "Configuration",
    "severity": "Error",
    "check": "EnrollmentStatusCheck",
    "checkresult": "General Hybrid join failure.",
    "guidance": "The device was successfully onboarded to Microsoft Defender for Endpoint. However, there was an error in the security configuration management flow and the OS failed to perform hybrid join. \nRefer to <a target='_blank' href='https://docs.microsoft.com/en-us/azure/active-directory/devices/troubleshoot-hybrid-join-windows-current'>Troubleshoot hybrid Azure Active Directory-joined devices</a> for troubleshooting OS-level hybrid join failures."
  },
  "122026": {
    "category": "Configuration",
    "severity": "Error",
    "check": "EnrollmentStatusCheck",
    "checkresult": "Tenant mismatch.",
    "guidance": "The device was successfully onboarded to Microsoft Defender for Endpoint. However, there was an error in the security configuration management flow because your Microsoft Defender for Endpoint tenant ID doesn't match your Azure Active Directory tenant ID. \nMake sure that the Azure Active Directory tenant ID from your Defender for Endpoint tenant matches the tenant ID in the SCP entry of your domain. For more details,. Use <a target='_blank' href='https://docs.microsoft.com/en-us/microsoft-365/security/defender-endpoint/troubleshoot-security-config-mgt?view=o365-21vianet'>Troubleshoot onboarding issues related to Security Management for Microsoft Defender for Endpoint</a>."
  },
  "122027": {
    "category": "Configuration",
    "severity": "Error",
    "check": "EnrollmentStatusCheck",
    "checkresult": "Hybrid error - Service Connection Point.",
    "guidance": "The device was successfully onboarded to Microsoft Defender for Endpoint. However, Service Connection Point (SCP) record is not configured correctly and the device couldn't be joined to Azure AD. This could be due to the SCP being configured to join Enterprise DRS. \nMake sure the SCP record points to AAD and SCP is configured following best practices. For more information, see  <a target='_blank' href='https://docs.microsoft.com/en-us/azure/active-directory/devices/hybrid-azuread-join-manual#configure-a-service-connection-point'>Configure a service connection point</a>."
  },
  "122028": {
    "category": "Configuration",
    "severity": "Error",
    "check": "EnrollmentStatusCheck",
    "checkresult": "Certificate error.",
    "guidance": "The device was successfully onboarded to Microsoft Defender for Endpoint. However, there was an error in the security configuration management flow due to a device certificate error. \nThe device certificate belongs to a different tenant. Verify that best practices are followed when creating <a target='_blank' href='https://docs.microsoft.com/mem/intune/protect/certificates-trusted-root#create-trusted-certificate-profiles'>trusted certificate profiles</a>."
  },
  "122029": {
    "category": "Configuration",
    "severity": "Error",
    "check": "EnrollmentStatusCheck",
    "checkresult": "AAD Connect misconfiguration.",
    "guidance": "The device was successfully onboarded to Microsoft Defender for Endpoint. However, there was an error in the security configuration management flow due to a misconfiguration in AAD Connect. \nTo identify what is preventing the device from registering to AAD, consider running the <a target='_blank' href='https://docs.microsoft.com/samples/azure-samples/dsregtool/dsregtool/'>Device Registration Troubleshooter Tool</a>. For Windows Server 2012 R2, run the <a target='_blank' href='https://docs.microsoft.com/azure/active-directory/devices/troubleshoot-hybrid-join-windows-legacy'>dedicated troubleshooting instructions</a>."
  },
  "122030": {
    "category": "Configuration",
    "severity": "Error",
    "check": "EnrollmentStatusCheck",
    "checkresult": "DNS error.",
    "guidance": "The device was successfully onboarded to Microsoft Defender for Endpoint. However, there was an error in the security configuration management flow due to a DNS error. Check the internet connection and/or DNS settings on the device. The invalid DNS settings might be on the workstation's side. \nActive Directory requires you to use domain DNS to work properly (and not the router's address). For more information, see <a target='_blank' href='https://docs.microsoft.com/microsoft-365/security/defender-endpoint/troubleshoot-security-config-mgt?view=o365-21vianet'>Troubleshoot onboarding issues related to Security Management for Microsoft Defender for Endpoint</a>."
  },
  "122031": {
    "category": "Configuration",
    "severity": "Error",
    "check": "EnrollmentStatusCheck",
    "checkresult": "Clock sync issue.",
    "guidance": "The device was successfully onboarded to Microsoft Defender for Endpoint. However, there was an error in the security configuration management flow. Verify that the clock is set correctly and is synced on the device where the error occurs."
  },
  "122032": {
    "category": "Configuration",
    "severity": "Error",
    "check": "EnrollmentStatusCheck",
    "checkresult": "Policies download failure",
    "guidance": "The device was successfully onboarded to Microsoft Defender for Endpoint. However, the device was unable to download the endpoint security policies from MEM. \nVerify that the device can communicate with <a target='_blank' href='https://docs.microsoft.com/mem/intune/protect/mde-security-integration#configure-your-tenant-to-support-microsoft-defender-for-endpoint-security-configuration-management'>Connectivity requirements</a>"
  },
  "122033": {
    "category": "Configuration",
    "severity": "Error",
    "check": "EnrollmentStatusCheck",
    "checkresult": "Unenrollment failure",
    "guidance": "The device is currently enrolled but needs to be unenrolled. However, the unenrollment process was unsuccessful due to a transient error. \nVerify that the device can communicate with <a target='_blank' href='https://docs.microsoft.com/mem/intune/protect/mde-security-integration#configure-your-tenant-to-support-microsoft-defender-for-endpoint-security-configuration-management'>Connectivity requirements</a>"
  },
  "122034": {
    "category": "Configuration",
    "severity": "Error",
    "check": "EnrollmentStatusCheck",
    "checkresult": "Policies assignment failure",
    "guidance": "The device was successfully onboarded to Microsoft Defender for Endpoint and was able to download the endpoint security policies from MEM. However, there was a failure during the assignment of the policies."
  },
  "122035": {
    "category": "Configuration",
    "severity": "Error",
    "check": "EnrollmentStatusCheck",
    "checkresult": "Policies report failure",
    "guidance": "The device was successfully onboarded to Microsoft Defender for Endpoint and was able to download the endpoint security policies from MEM. However, there was a failure during the report of the policies to MEM."
  },
  "120031": {
    "category": "Configuration",
    "severity": "Informational",
    "check": "EnrollmentStatusCheck",
    "checkresult": "MDE and ConfigMgr",
    "guidance": "The device is managed using Configuration Manager and Microsoft Defender for Endpoint. Controlling policies through both channels may cause conflicts and undesired results. \nTo avoid this, endpoint security policies should be isolated to a single control plane. Refer to the following URL for additional information: <a target='_blank' href='https://docs.microsoft.com/microsoft-365/security/defender-endpoint/security-config-management?view=o365-21vianet#co-existence-with-microsoft-endpoint-configuration-manager'>Co-existence with Microsoft Endpoint Configuration Manager</a>"
  },
  "120032": {
    "category": "Configuration",
    "severity": "Informational",
    "check": "EnrollmentStatusCheck",
    "checkresult": "Enrollment status Changed",
    "guidance": "The device is managed using Configuration Manager and Microsoft Defender for Endpoint. The device was unenrolled from the security configuration management solution either because the enforcement scope has changed or the MDE-Management tag was removed from the device."
  },
  "121035": {
    "category": "Configuration",
    "severity": "Warning",
    "check": "AntiSpoofingReady",
    "checkresult": "Device is not up-to-date and does not have anti-spoofing capability deployed.",
    "guidance": "Please ensure you deploy the recommended security patch to protect the device from spoofing, for more information, please refer to: <a target='_blank' href='https://msrc.microsoft.com/update-guide/vulnerability/CVE-2022-23278'>Microsoft Defender for Endpoint - CVE-2022-23278</a> or <a target='_blank' href='https://security.microsoft.com/threatanalytics3/ef2c5597-4797-47bd-b7b2-6155a23c1edf/overview'>Microsoft Defender for Endpoint - Threat Analytics</a>"
  },
  "121036": {
    "category": "Configuration",
    "severity": "Warning",
    "check": "AntiSpoofingUnStable",
    "checkresult": "Device is anti-spoofing capable but not in a stable state",
    "guidance": "Please refer to the guidelines in the following article: <a target='_blank' href='https://msrc.microsoft.com/update-guide/vulnerability/CVE-2022-23278'>Microsoft Defender for Endpoint - CVE-2022-23278</a> or <a target='_blank' href='https://security.microsoft.com/threatanalytics3/ef2c5597-4797-47bd-b7b2-6155a23c1edf/overview'>Microsoft Defender for Endpoint - Threat Analytics</a> \nContact Microsoft support if issue persists."
  },
  "120037": {
    "category": "Configuration",
    "severity": "Informational",
    "check": "AntiSpoofingStable",
    "checkresult": "Device is anti-spoofing capable and in a stable state",
    "guidance": "N/A"
  },
  "122038": {
    "category": "Configuration",
    "severity": "Error",
    "check": "OldVersionDetected",
    "checkresult": "Device is running with an old version of the Microsoft Defender for Endpoint EDR sensor",
    "guidance": "Please update the sensor to ensure you have optimal protection and stability. For more information, refer to the article: <a target='_blank' href='https://support.microsoft.com/topic/microsoft-defender-for-endpoint-update-for-edr-sensor-f8f69773-f17f-420f-91f4-a8e5167284ac'>Microsoft Defender for Endpoint update for EDR Sensor</a>"
  },
  "122039": {
    "category": "Configuration",
    "severity": "Error",
    "check": "SvcCrashCheck",
    "checkresult": "This machine has failed to onboard as MsSense.exe crashed during initialization phase for TelLib.dll.\n The error from the crash was: %1",
    "guidance": "This can happen if the SYSTEM account does not have permissions to write to the expected path (ProgramData\\Microsoft\\Windows Defender Advanced Threat Protection\\Cyber).\n Please validate the ACLs in the path and reset the permissions from parent folder if needed."
  },
  "121040": {
    "category": "Configuration",
    "severity": "Warning",
    "check": "AntiSpoofingNotActive",
    "checkresult": "Device is anti-spoofing capable but is not yet registered with cloud.",
    "guidance": "Please ensure connectivity to EDRCloud CnC URLs is not blocked. Contact Microsoft support if issue persits."
  },
  "122041": {
    "category": "Configuration",
    "severity": "Error",
    "check": "ImageStateCheck",
    "checkresult": "This device cannot be onboarded in current state as its ImageState inside 'HKLM\\SOFTWARE\\Microsoft\\Windows\\CurrentVersion\\Setup\\State' is incomplete.",
    "guidance": "This issue can happen if OS image has performed multiple consecutive sysprep attempts and registry was set to 'IMAGE_STATE_UNDEPLOYABLE'. Refer to the following for more information: <a target='_blank' href='https://learn.microsoft.com/windows-hardware/manufacture/desktop/windows-setup-states'>Windows Setup State Information</a>.\nContact Microsoft support if issue persists."
  },
  "121042": {
    "category": "Configuration",
    "severity": "Warning",
    "check": "NetworkProtection",
    "checkresult": "A configuration or dependency is preventing Network Protection from starting.",
    "guidance": "Please review this error message to understand the blocking issue and resolve it: %1"
  },
  "122043": {
    "category": "Configuration",
    "severity": "Error",
    "check": "ImagePath",
    "checkresult": "The ImagePath value in registry may have been tampered prior to onboarding.",
    "guidance": "Please review this error and inspect the ImagePath (within HKLM\\SYSTEM\\CurrentControlSet\\Services\\Sense) to ensure it points to valid MsSense.exe path: %1"
  },
  "122044": {
    "category": "Configuration",
    "severity": "Error",
    "check": "SCHANNEL",
    "checkresult": "Supported TLS ciphers are not enabled on this machine. This can affect connectivity to MDE cloud.",
    "guidance": "Please inspect the configured ciphers (within HKLM\\SOFTWARE\\Policies\\Microsoft\\Cryptography\\Configuration\\SSL\\00010002) to ensure it contains minimum required ciphers for connectivity to MDE cloud. For more information: <a target='_blank' href='https://learn.microsoft.com/power-platform/admin/server-cipher-tls-requirements'>Cipher suites and TLS requirements</a>"
  },
  "122045": {
    "category": "Configuration",
    "severity": "Error",
    "check": "SCHANNEL",
    "checkresult": "TLS 1.2 client protocol is not enabled on this machine. This can affect connectivity to MDE cloud.",
    "guidance": "Please confirm that TLS 1.2 client is enabled (within HKLM\\SYSTEM\\CurrentControlSet\\Control\\SecurityProviders\\SCHANNEL\\Protocols\\TLS 1.2\\Client)."
  },
  "122046": {
    "category": "Configuration",
    "severity": "Error",
    "check": "SCHANNEL",
    "checkresult": "ECDH ciphers are not enabled on this machine. This can affect connectivity to MDE cloud.",
    "guidance": "Please confirm that ECDH KeyExchangeAlgorithm is enabled (within HKLM\\SYSTEM\\CurrentControlSet\\Control\\SecurityProviders\\SCHANNEL\\KeyExchangeAlgorithms\\ECDH)."
  },
  "130009": {
    "category": "Connectivity",
    "severity": "Informational",
    "check": "AuthRoot",
    "checkresult": "Please note this machine is not set to automatically update Trusted Root Certificates from Windows Update %1 %2.",
    "guidance": "N/A"
  },
  "130010": {
    "category": "Connectivity",
    "severity": "Informational",
    "check": "CertRevocation",
    "checkresult": "Certificate validation for the Defender for Endpoint cloud service completed successfully.",
    "guidance": "N/A"
  },
  "130011": {
    "category": "Connectivity",
    "severity": "Informational",
    "check": "AVCloud",
    "checkresult": "Test connection to the Microsoft Defender Antivirus cloud service completed successfully.",
    "guidance": "N/A"
  },
  "130012": {
    "category": "Connectivity",
    "severity": "Informational",
    "check": "AVCloud",
    "checkresult": "Current network connection is not metered.",
    "guidance": "N/A"
  },
  "130017": {
    "category": "Connectivity",
    "severity": "Informational",
    "check": "EDRCloud CnC",
    "checkresult": "Test connection to the Microsoft Defender for Endpoint (CnC) cloud service URLs completed successfully.",
    "guidance": "N/A"
  },
  "130018": {
    "category": "Connectivity",
    "severity": "Informational",
    "check": "EDRCloud Cyber",
    "checkresult": "Test connection to the Microsoft Defender for Endpoint (Cyber) cloud service URLs completed successfully.",
    "guidance": "N/A"
  },
  "130019": {
    "category": "Connectivity",
    "severity": "Informational",
    "check": "EDRCloud AutoIR",
    "checkresult": "Test connection to the Microsoft Defender for Endpoint (AutoIR) cloud service URLs completed successfully.",
    "guidance": "N/A"
  },
  "130020": {
    "category": "Connectivity",
    "severity": "Informational",
    "check": "AVCloud SampleUpload",
    "checkresult": "Test connection to the Microsoft Defender for Endpoint (SampleUpload) cloud service URLs completed successfully.",
    "guidance": "N/A"
  },
  "130021": {
    "category": "Connectivity",
    "severity": "Informational",
    "check": "EDRCloud MdeConfigMgr",
    "checkresult": "Test connection to the Microsoft Defender for Endpoint (MdeConfigMgr) cloud service URLs completed successfully.",
    "guidance": "N/A"
  },
  "131001": {
    "category": "Connectivity",
    "severity": "Warning",
    "check": "EDRCloud",
    "checkresult": "EDR Cloud checks have not run successfully.",
    "guidance": "Ensure PsExec is not blocked in your environment and then try again.\n If you cannot allow PsExec to be run in your environment due to security reasons, then you can try log collection via Live Response as explained here: <a target='_blank' href='https://docs.microsoft.com/windows/security/threat-protection/microsoft-defender-atp/troubleshoot-collect-support-log'>LiveAnalyzer</a>"
  },
  "131002": {
    "category": "Connectivity",
    "severity": "Warning",
    "check": "EDRCloud",
    "checkresult": "The value data for the TelemetryProxyServer under the following registry path: 'HKLM\\Software\\Policies\\Microsoft\\Windows\\DataCollection' contains spaces.",
    "guidance": "Please remove any extra spaces from the TelemetryProxyServer value to avoid any connectivity issue."
  },
  "131003": {
    "category": "Connectivity",
    "severity": "Warning",
    "check": "AuthRoot",
    "checkresult": "The trusted root certificates cannot be updated from Windows Update. This can cause issues with Sensor CNC heartbeats or cyber data upload to cloud.",
    "guidance": "You must allow access to Automatic Root Certificates Update URL. \nFor more information, refer to: <a target='_blank' href='https://docs.microsoft.com/windows/privacy/manage-windows-1809-endpoints#certificates'>AuthRoot(1)</a>  Or, to facilitate the distribution of certificates for a disconnected environment, you must deploy a server that can download the CTL files from the automatic update mechanism: <a target='_blank' href='https://docs.microsoft.com/previous-versions/windows/it-pro/windows-server-2012-r2-and-2012/dn265983(v=ws.11)'>AuthRoot(2)</a>."
  },
  "131004": {
    "category": "Connectivity",
    "severity": "Warning",
    "check": "CertRevocation",
    "checkresult": "Certificate revocation was not tested.",
    "guidance": "If the device is in 'Impaired communications' status, try manually running 'certutil.exe -verify -urlfetch winatp.cer' using PsExec -s, to ensure the revocation checks are working when executed in system context. Note that both PsExec.exe and winatp.cer files are inside available inside the 'Tools' directory of the analyzer."
  },
  "131005": {
    "category": "Connectivity",
    "severity": "Warning",
    "check": "CertRevocation",
    "checkresult": "Cloud connectivity may be impaired due to certificate revocation failures.",
    "guidance": "Please ensure the following URLs are not blocked: http://crl.microsoft.com/pki/crl and http://www.microsoft.com/pkiops. For more information please refer to <a target='_blank' href='https://learn.microsoft.com/microsoft-365/security/defender-endpoint/configure-environment#enable-access-to-microsoft-defender-for-endpoint-service-urls-in-the-proxy-server'>ServiceURLs</a>. For detailed error information, review %1."
  },
  "131007": {
    "category": "Connectivity",
    "severity": "Warning",
    "check": "AVCloud",
    "checkresult": "Test connection to the Microsoft Defender Antivirus cloud service failed: %1",
    "guidance": "If Microsoft Defender Antivirus is not in passive mode (it is operating as your primary antivirus solution) or you have opted to enable 'EDR block Mode' - please make sure connections to AV cloud URLs are not blocked: \n<a target='_blank' href='https://docs.microsoft.com/windows/security/threat-protection/microsoft-defender-antivirus/configure-network-connections-microsoft-defender-antivirus#validate-connections-between-your-network-and-the-cloud'>AVCloud</a>.\nFor more information about EDR in Block Mode please refer to: <a target='_blank' href='https://docs.microsoft.com/windows/security/threat-protection/microsoft-defender-atp/edr-in-block-mode#requirements-for-edr-in-block-mode'>EdrBlockMode</a>."
  },
  "131008": {
    "category": "Connectivity",
    "severity": "Warning",
    "check": "AVCloud",
    "checkresult": "Current network connection is metered. %1",
    "guidance": "Metered Networks can limit functionality in Defender MAPS communication, for example emergency signature requests (ESU) are not sent (needed for custom indicators in addition to emergency signatures)."
  },
  "131013": {
    "category": "Connectivity",
    "severity": "Warning",
    "check": "EDRCloud CnC",
    "checkresult": "Test connection to the Microsoft Defender for Endpoint (CnC) cloud service URLs failed. \nThe test has failed for the following URL: \n%1",
    "guidance": "Please review your network configuration and ensure required URLs are not blocked. \nFor more information refer to: <a target='_blank' href='https://learn.microsoft.com/microsoft-365/security/defender-endpoint/configure-environment#enable-access-to-microsoft-defender-for-endpoint-service-urls-in-the-proxy-server'>ServiceURLs</a>."
  },
  "131014": {
    "category": "Connectivity",
    "severity": "Warning",
    "check": "EDRCloud Cyber",
    "checkresult": "Test connection to the Microsoft Defender for Endpoint (Cyber) cloud service URLs failed. \nThe test has failed for the following URL: \n%1",
    "guidance": "Please review your network configuration and ensure required URLs are not blocked. \nFor more information refer to: <a target='_blank' href='https://learn.microsoft.com/microsoft-365/security/defender-endpoint/configure-environment#enable-access-to-microsoft-defender-for-endpoint-service-urls-in-the-proxy-server'>ServiceURLs</a>."
  },
  "131015": {
    "category": "Connectivity",
    "severity": "Warning",
    "check": "EDRCloud AutoIR",
    "checkresult": "Test connection to the Microsoft Defender for Endpoint (AutoIR) cloud service URLs failed. \nThe test has failed for the following URL: \n%1",
    "guidance": "Please review your network configuration and ensure required URLs are not blocked. \nFor more information refer to: <a target='_blank' href='https://learn.microsoft.com/microsoft-365/security/defender-endpoint/configure-environment#enable-access-to-microsoft-defender-for-endpoint-service-urls-in-the-proxy-server'>ServiceURLs</a>."
  },
  "131016": {
    "category": "Connectivity",
    "severity": "Warning",
    "check": "AVCloud SampleUpload",
    "checkresult": "Test connection to the Microsoft Defender for Endpoint (SampleUpload) cloud service URLs failed. \nThe test has failed for the following URL: \n%1",
    "guidance": "Please review your network configuration and ensure required URLs are not blocked. \nFor more information refer to: <a target='_blank' href='https://learn.microsoft.com/microsoft-365/security/defender-endpoint/configure-environment#enable-access-to-microsoft-defender-for-endpoint-service-urls-in-the-proxy-server'>ServiceURLs</a>."
  },
  "131017": {
    "category": "Connectivity",
    "severity": "Warning",
    "check": "EDRCloud MdeConfigMgr",
    "checkresult": "Test connection to Microsoft Defender for Endpoint (MdeConfigMgr) cloud service URLs have failed. \nThe test has failed for the following URLs: \n%1",
    "guidance": "Please review your network configuration and ensure required URLs are not blocked. \nFor more information refer to: <a target='_blank' href='https://learn.microsoft.com/microsoft-365/security/defender-endpoint/configure-environment#enable-access-to-microsoft-defender-for-endpoint-service-urls-in-the-proxy-server'>ServiceURLs</a>."
  },
  "131018": {
    "category": "Connectivity",
    "severity": "Warning",
    "check": "Streamlined Connectivity",
    "checkresult": "Device does not support streamlined connectivity. \nUnified agent for downlevel servers is not installed on this device.",
    "guidance": "Please review prerequisites to enable streamlined connectivity. \nFor more information refer to <a target='_blank' href='https://go.microsoft.com/fwlink/?linkid=2249492'>prerequisites</a>."
  },
  "131019": {
    "category": "Connectivity",
    "severity": "Warning",
    "check": "Streamlined Connectivity",
    "checkresult": "Device does not support streamlined connectivity. \nDevice is running with an old version of Windows OS.",
    "guidance": "Please review prerequisites to enable streamlined connectivity. \nFor more information refer to <a target='_blank' href='https://go.microsoft.com/fwlink/?linkid=2249492'>prerequisites</a>."
  },
  "131020": {
    "category": "Connectivity",
    "severity": "Warning",
    "check": "Streamlined Connectivity",
    "checkresult": "Device is not ready to support streamlined connectivity. \nThe following components do not match the minimum required version: \n%1",
    "guidance": "Please review prerequisites to enable streamlined connectivity. \nFor more information refer to <a target='_blank' href='https://go.microsoft.com/fwlink/?linkid=2249492'>prerequisites</a>."
  },
  "132006": {
    "category": "Connectivity",
    "severity": "Error",
    "check": "EccCurves",
    "checkresult": "Cloud connectivity may be impaired due to faulty EccCurves SSL settings.",
    "guidance": "If you did not intend to modify the ECC curves, please remove these group policy settings: <a target='_blank' href='https://docs.microsoft.com/windows-server/security/tls/manage-tls#managing-windows-ecc-curves-using-group-policy'>EccCurves</a>."
  },
  "132012": {
    "category": "Connectivity",
    "severity": "Error",
    "check": "AuthRoot",
    "checkresult": "This machine has errors in EventLogs perationsManager.evtx indicating secure connection could not be negotiated in event Log.",
    "guidance": "Please ensure the Trusted Root lists are correctly updated from WSUS or Windows Update. \nIf you are manually updating Trusted Roots, please ensure you follow guidelines in KB2813430: <a target='_blank' href='https://support.microsoft.com/help/2813430/an-update-is-available-that-enables-administrators-to-update-trusted-a'>AuthRoot</a>."
  },
  "132021": {
    "category": "Connectivity",
    "severity": "Error",
    "check": "EDRCloud CnC",
    "checkresult": "All test connections to Microsoft Defender for Endpoint (CnC) cloud service URLs have failed. \nThe test has failed for the following URLs: \n%1",
    "guidance": "Please review your network configuration and ensure required URLs are not blocked. \nFor more information refer to: <a target='_blank' href='https://learn.microsoft.com/microsoft-365/security/defender-endpoint/configure-environment#enable-access-to-microsoft-defender-for-endpoint-service-urls-in-the-proxy-server'>ServiceURLs</a>."
  },
  "132022": {
    "category": "Connectivity",
    "severity": "Error",
    "check": "EDRCloud Cyber",
    "checkresult": "All test connections to Microsoft Defender for Endpoint (Cyber) cloud service URLs have failed. \nThe test has failed for the following URLs: \n%1",
    "guidance": "Please review your network configuration and ensure required URLs are not blocked. \nFor more information refer to: <a target='_blank' href='https://learn.microsoft.com/microsoft-365/security/defender-endpoint/configure-environment#enable-access-to-microsoft-defender-for-endpoint-service-urls-in-the-proxy-server'>ServiceURLs</a>."
  },
  "132023": {
    "category": "Connectivity",
    "severity": "Error",
    "check": "EDRCloud AutoIR",
    "checkresult": "All test connections to Microsoft Defender for Endpoint (AutoIR) cloud service URLs have failed. \nThe test has failed for the following URLs: \n%1",
    "guidance": "Please review your network configuration and ensure required URLs are not blocked. \nFor more information refer to: <a target='_blank' href='https://learn.microsoft.com/microsoft-365/security/defender-endpoint/configure-environment#enable-access-to-microsoft-defender-for-endpoint-service-urls-in-the-proxy-server'>ServiceURLs</a>."
  },
  "132024": {
    "category": "Connectivity",
    "severity": "Error",
    "check": "AVCloud SampleUpload",
    "checkresult": "All test connections to Microsoft Defender for Endpoint (SampleUpload) cloud service URLs have failed. \nThe test has failed for the following URLs: \n%1",
    "guidance": "Please review your network configuration and ensure required URLs are not blocked. \nFor more information refer to: <a target='_blank' href='https://learn.microsoft.com/microsoft-365/security/defender-endpoint/configure-environment#enable-access-to-microsoft-defender-for-endpoint-service-urls-in-the-proxy-server'>ServiceURLs</a>."
  },
  "132025": {
    "category": "Connectivity",
    "severity": "Error",
    "check": "EDRCloud MdeConfigMgr",
    "checkresult": "All test connections to Microsoft Defender for Endpoint (MdeConfigMgr) cloud service URLs have failed. \nThe test has failed for the following URLs: \n%1",
    "guidance": "Please review your network configuration and ensure required URLs are not blocked. \nFor more information refer to: <a target='_blank' href='https://learn.microsoft.com/microsoft-365/security/defender-endpoint/configure-environment#enable-access-to-microsoft-defender-for-endpoint-service-urls-in-the-proxy-server'>ServiceURLs</a>."
  },
  "132026": {
    "category": "Connectivity",
    "severity": "Error",
    "check": "MDECloud cert pinning",
    "checkresult": "Certificate pinning validation for %1 has failed. \nThe test has failed because the presented cert issuer was: \n%1",
    "guidance": "The certificate info provided in the result should help identify the misconfigured proxy or firewall. Please ensure required URLs are not inspected in a way that would break certificate pinning. \nFor more information refer to: <a target='_blank' href='https://learn.microsoft.com/microsoft-365/security/defender-endpoint/configure-environment#enable-access-to-microsoft-defender-for-endpoint-service-urls-in-the-proxy-server'>ServiceURLs</a>."
  },
  "132027": {
    "category": "Connectivity",
    "severity": "Error",
    "check": "MDECloud cert pinning",
    "checkresult": "Certificate pinning validation for %1 has failed. \nThe test has failed because an error occured when fetching the root CA in the cert chain. The certificate issuer that was fetched from the URL was: \n%2",
    "guidance": "The certificate info provided in the result should help identify the misconfigured proxy or firewall. Please ensure required URLs are not inspected in a way that would break certificate pinning. \nFor more information refer to: <a target='_blank' href='https://learn.microsoft.com/microsoft-365/security/defender-endpoint/configure-environment#enable-access-to-microsoft-defender-for-endpoint-service-urls-in-the-proxy-server'>ServiceURLs</a>."
  },
  "131028": {
    "category": "Connectivity",
    "severity": "Warning",
    "check": "MDECloud cert pinning",
    "checkresult": "Certificate pinning validation for %1 could not complete. \nThe test has failed because an error occured when fetching the root CA in the cert chain. The analyzer could only check the intermediate CA for the URL: \n%2",
    "guidance": "You can safely ignore this warning if the device appears as active and onboarded.\nHowever, if the issue persists and further assistance is required, please reach out to Microsoft Support. For in-depth investigation, it is advisable to capture logs with network traces. Utilize the MDE Client Analyzer with the '-i' flag to capture the necessary network trace."
  },
  "140004": {
    "category": "Telemetry",
    "severity": "Informational",
    "check": "UTCListener",
    "checkresult": "DiagTrack (UTC) service listener detected.",
    "guidance": "N/A"
  },
  "140005": {
    "category": "Telemtry",
    "severity": "Informational",
    "check": "ProviderInit",
    "checkresult": "Sensor process is protected by Exploit Protection DisableExtensionPoints.",
    "guidance": "N/A"
  },
  "140006": {
    "category": "Telemetry",
    "severity": "Informational",
    "check": "OMSListener",
    "checkresult": "SenseOms listener detected.",
    "guidance": "N/A"
  },
  "141001": {
    "category": "Telemetry",
    "severity": "Warning",
    "check": "UTCService",
    "checkresult": "UTC Service is Disabled. This device may not be able to upload cyber data.",
    "guidance": "Make the service is not disabled by Policy. \nFor more information refer to: <a target='_blank' href='https://docs.microsoft.com/windows/security/threat-protection/microsoft-defender-atp/troubleshoot-onboarding#ensure-the-service-is-set-to-start'>DiagTrack</a>."
  },
  "141002": {
    "category": "Telemetry",
    "severity": "Warning",
    "check": "UTCService",
    "checkresult": "DiagTrack (UTC) listener missing. This device is unable to upload cyber data.",
    "guidance": "This can happen if *.settings-win.data.microsoft.com is blocked in your network and UTC the service cannot download a 1kb config file. \nContact Microsoft support if issue persists."
  },
  "141003": {
    "category": "Telemetry",
    "severity": "Warning",
    "check": "OMSListener",
    "checkresult": "SenseOms listener missing.",
    "guidance": "This device is unable to upload cyber data. Contact Microsoft support if issue persists and you require assistance with onboarding."
  },
  "141004": {
    "category": "Telemetry",
    "severity": "Warning",
    "check": "NetworkProtection",
    "checkresult": "Network Protection has not downloaded a copy of 'supportedUris' in more than three days",
    "guidance": "This may indicate a connectivity issue with the SmartScreen cloud service.  URL Custom Indicators cannot be updated without updating this file"
  },
  "142007": {
    "category": "Telemetry",
    "severity": "Error",
    "check": "UTCService",
    "checkresult": "DiagTrack service is unable to start. This may be caused by incompatible process MitigationOptions. Note that certain Process Mitigation options may also cause the DiagTrack listener to appear as missing.",
    "guidance": "Please try removing registry settings from below path and check if the problem persists: \nHKLM:\\SYSTEM\\CurrentControlSet\\Control\\Session Manager\\kernel\\MitigationOptions \nHKLM:\\SOFTWARE\\Microsoft\\Windows NT\\CurrentVersion\\Image File Execution Options\\svchost.exe\\MitigationOptions. \nThe current Kernel or SvcHost ProcessMitigation have been exported to MDEClientAnalyzerResult\\SystemInfoLogs directory for reference."
  },
  "142008": {
    "category": "Telemtry",
    "severity": "Error",
    "check": "ProviderInit",
    "checkresult": "Please note this device has error ID WSAEPROVIDERFAILEDINIT in EventLogs\\utc.evtx. \nThis may be caused by deprecated LSPs (Layered Service Providers) installed on the system.",
    "guidance": "Windows 10 version 1809 or later has additional tamper protections that can block LSPs from interfering with our sensor. Please ensure the following or later patches are installed if issue persists: \nKB4577069 for 1809 and KB4577062 for 1903/1909."
  },
  "142009": {
    "category": "Telemtry",
    "severity": "Error",
    "check": "ProviderInit",
    "checkresult": "Provider Initialization errors on this device may be cause by no longer supported Forefront TMG Client Winsock LSP.",
    "guidance": "Please uninstall TMG firewall client from the affected device and ensure the following or later patches are installed if issue persists: \nKB4577069 for 1809 and KB4577062 for 1903/1909."
  },
  "142010": {
    "category": "AV",
    "severity": "Warning",
    "check": "CFA",
    "checkresult": "N/A",
    "guidance": "N/A"
  }
}